{"hyper_params": {"dtw_inertia": false, "init": "k-means++", "max_iter": 50, "max_iter_barycenter": 100, "metric": "dtw", "metric_params": null, "n_clusters": 9, "n_init": 1, "n_jobs": null, "random_state": null, "tol": 1e-06, "verbose": 0}, "model_params": {"cluster_centers_": [[[0.48711047120919154], [0.5439153471675844], [0.48806780776826864], [0.423483734136079], [0.48914848896034546], [0.6674862313139255], [0.48331205152347645], [0.42864056512461135], [0.5317969586359006], [0.4895880357534408], [0.5037831716876106], [0.502658146870887], [0.5066876475216365], [0.49290584841332263], [0.5162857490101258], [0.4292206716634226], [0.5043495088957134], [0.47320055743251926], [0.5166754086895707], [0.4812792150691904]], [[0.49756199962111586], [0.45357084081978655], [0.5242545918228926], [0.4761265639221859], [0.4920043273013375], [0.48954992031309863], [0.4899289014159192], [0.4895110135078659], [0.4988622514308636], [0.4765254974703136], [0.5175251182433962], [0.4463357333492011], [0.5602672879556959], [0.4462753021958374], [0.5089691609255272], [0.45555615527216614], [0.5811022225456267], [0.44260497712504004], [0.5117933251292812], [0.4735579872815597]], [[0.44667912404930493], [0.489261987064962], [0.5446410747208102], [0.5353695707391417], [0.4885507883147537], [0.45423255861020384], [0.5076984040384317], [0.4730879434456356], [0.5300589629114593], [0.4789731768285425], [0.49222628469168933], [0.4883989462854011], [0.46731126229668335], [0.49155064481921124], [0.48679169543505857], [0.5051861643641485], [0.48055547461089915], [0.4860078678206136], [0.4765568635601145], [0.4986924538808194]], [[0.5220982691815115], [0.4660393819211402], [0.5008201369118517], [0.473307844655413], [0.5365836965847871], [0.46776840863533076], [0.5047100601781956], [0.49387108980967503], [0.45968085918102153], [0.4822844168451457], [0.5257138890174473], [0.4749822439384586], [0.49780248600075616], [0.4909881890309352], [0.4924303202264958], [0.4911715014862313], [0.49532260303933884], [0.47972830638816394], [0.5136941801969339], [0.47060169637888344]], [[0.47827840428941903], [0.5181795619008384], [0.46537688741493544], [0.5037516557280732], [0.4883917576027099], [0.49587419162940727], [0.4944453186467357], [0.4945893602856632], [0.49458209768201983], [0.49274079955232386], [0.5037915301750963], [0.47410412697209003], [0.5207307924542113], [0.4031730457722034], [0.5243847909574593], [0.47285601888276946], [0.5195375105632775], [0.4972943904113027], [0.4666078901011674], [0.5006766580349797]], [[0.5152422355278774], [0.4611854183057959], [0.5075883059339931], [0.5008304921758895], [0.4699301730920536], [0.5359196271863463], [0.4798902251695327], [0.48544453186467346], [0.1524807476813771], [0.8180745297189042], [0.5066244239631337], [0.4858233528571845], [0.43764190176463985], [0.5095987411487017], [0.47616453832032113], [0.48809008654602676], [0.484157070309706], [0.4818924422640811], [0.5103801587869251], [0.47474804241129953]], [[0.4864988041383346], [0.49988787804657664], [0.5091212270533219], [0.48145739954219524], [0.49482534093110025], [0.4687007716046718], [0.5017908548155688], [0.4873431422754476], [0.49083117656903863], [0.48999964141300756], [0.49001067775655327], [0.4915300910800304], [0.485120183721595], [0.4897284224720335], [0.5174775730560459], [0.4780783965134833], [0.49965260295427977], [0.4748923959827888], [0.4840680622339885], [0.4983204277475631]], [[0.13982241204900528], [0.8611329661683713], [0.47977507289304394], [0.512363718107227], [0.5278745644599302], [0.46105428796223447], [0.4755114083398898], [0.5110149488591659], [0.5026413397774531], [0.5080926154883668], [0.506575250084298], [0.5027537372147914], [0.42926114011873256], [0.5280431606159379], [0.4677419354838709], [0.5011211644374507], [0.48066764077779023], [0.48257839721254353], [0.5115656963021243], [0.48564122738001575]], [[0.5008181987061805], [0.4638276057260645], [0.5314646522688492], [0.4579662702861362], [0.5016492162440237], [0.4725657089242964], [0.5488837804218735], [0.46459737842160187], [0.4563827694728558], [0.49594785741617325], [0.4748050926257064], [0.47858961571581693], [0.4790883240303067], [0.47876927461172003], [0.4841667085167763], [0.4643891125818281], [0.5160005780439634], [0.5077969613597159], [0.4516741497335778], [0.5783221762655543]]], "inertia_": 0.011338245266945242,